Agent,N_PRs,PRs_with_Debt,Total_Debt_Hours,Mean_Hours,Median_Hours,Std_Dev,Min,Q1,Q3,Max
Claude_Code,15,8,8.9,0.5933333333333334,0.08333333333333333,1.3114998078656916,0.0,0.0,0.375,4.65
Copilot,106,21,45.81666666666666,0.4322327044025157,0.0,1.8755715444495331,0.0,0.0,0.0,14.5
Cursor,40,9,39.46666666666666,0.9866666666666666,0.0,4.788012095751203,0.0,0.0,0.0,29.633333333333333
Devin,100,25,9.949999999999998,0.09949999999999998,0.0,0.255604463918979,0.0,0.0,0.020833333333333332,1.4833333333333334
OpenAI_Codex,949,116,41.2,0.043414120126448894,0.0,0.22107837935710642,0.0,0.0,0.0,3.466666666666667
