Agent,Bug_Debt_Hours,Code_Smell_Debt_Hours,Vulnerability_Debt_Hours,Security_Hotspot_Debt_Hours,Total_Debt_Hours,Bug_Pct,Code_Smell_Pct,Vulnerability_Pct,Security_Hotspot_Pct
Claude_Code,2.75,6.15,0.0,0.0,8.9,30.89887640449438,69.10112359550563,0.0,0.0
Copilot,0.3333333333333333,45.483333333333334,0.0,0.0,45.81666666666666,0.7275372862859222,99.27246271371409,0.0,0.0
Cursor,0.0,39.46666666666666,0.0,0.0,39.46666666666666,0.0,100.0,0.0,0.0
Devin,0.26666666666666666,9.683333333333334,0.0,0.0,9.949999999999998,2.6800670016750425,97.31993299832499,0.0,0.0
OpenAI_Codex,3.283333333333333,37.91666666666667,0.0,0.0,41.2,7.96925566343042,92.03074433656958,0.0,0.0
