,Claude_Code,Copilot,Cursor,Devin,OpenAI_Codex
Claude_Code,1.0,0.007089557812953125,0.043325449154132396,0.035204502381156424,5.3638616376755825e-05
Copilot,0.007089557812953125,1.0,1.0,1.0,0.14654569673584747
Cursor,0.043325449154132396,1.0,1.0,1.0,0.47208590511562676
Devin,0.035204502381156424,1.0,1.0,1.0,0.003479392654033369
OpenAI_Codex,5.3638616376755825e-05,0.14654569673584747,0.47208590511562676,0.003479392654033369,1.0
