Agent,N_PRs,PRs_with_Debt,Total_Debt_Hours,Mean_Hours,Median_Hours,Std_Dev,Min,Q1,Q3,Max
Claude_Code,15,7,4.716666666666667,0.31444444444444447,0.0,0.4747541831216808,0.0,0.0,0.425,1.45
Copilot,106,17,32.96666666666667,0.31100628930817614,0.0,1.4106302520138208,0.0,0.0,0.0,10.016666666666667
Cursor,40,6,27.516666666666666,0.6879166666666666,0.0,3.9311144463877272,0.0,0.0,0.0,24.883333333333333
Devin,100,0,0.0,0.0,0.0,0.0,0.0,0.0,0.0,0.0
OpenAI_Codex,949,27,11.266666666666667,0.011872146118721462,0.0,0.10673584934694434,0.0,0.0,0.0,2.1
