Agent,Bug_Debt_Hours,Code_Smell_Debt_Hours,Vulnerability_Debt_Hours,Security_Hotspot_Debt_Hours,Total_Debt_Hours,Bug_Pct,Code_Smell_Pct,Vulnerability_Pct,Security_Hotspot_Pct
Claude_Code,113.26666666666665,1640.4666666666667,61.91666666666667,0.0,1815.6499999999996,6.238353574018488,90.35148110410415,3.410165321877382,0.0
Copilot,741.6666666666667,10600.183333333332,438.84999999999997,0.0,11780.700000000003,6.295607787879044,89.97923156801659,3.725160644104339,0.0
OpenAI_Codex,1.05,8.183333333333334,0.25,0.0,9.483333333333333,11.072056239015819,86.29173989455185,2.6362038664323375,0.0
