Agent,N_PRs,PRs_with_Debt,Total_Debt_Hours,Mean_Hours,Median_Hours,Std_Dev,Min,Q1,Q3,Max
Claude_Code,18,18,1815.6499999999996,100.86944444444443,50.4,134.402640400894,6.616666666666666,17.95,128.45416666666665,519.9
Copilot,106,99,11780.700000000003,111.13867924528304,59.55,120.5591659735981,0.0,15.241666666666667,266.32916666666665,320.28333333333336
OpenAI_Codex,1,1,9.483333333333333,9.483333333333333,9.483333333333333,,9.483333333333333,9.483333333333333,9.483333333333333,9.483333333333333
