,Claude_Code,Copilot,Cursor,Devin,OpenAI_Codex
Claude_Code,1.0,1.1444769778703387e-06,5.932562911347511e-06,9.435881048805898e-15,9.189883015628321e-15
Copilot,1.1444769778703387e-06,1.0,1.0,4.631365663318541e-07,8.214396259849037e-09
Cursor,5.932562911347511e-06,1.0,1.0,0.0013927830194783778,0.0032877469725204585
Devin,9.435881048805898e-15,4.631365663318541e-07,0.0013927830194783778,1.0,1.0
OpenAI_Codex,9.189883015628321e-15,8.214396259849037e-09,0.0032877469725204585,1.0,1.0
